detection_date,event_type,severity,variable,message
2026-06-08 21:47:02,feature_drift,critical,Close,"Feature drift detected on Close: PSI=2.7123, KS p-value=0.000000"
2026-06-08 21:47:02,feature_drift,critical,High,"Feature drift detected on High: PSI=2.7126, KS p-value=0.000000"
2026-06-08 21:47:02,feature_drift,critical,Low,"Feature drift detected on Low: PSI=2.7166, KS p-value=0.000000"
2026-06-08 21:47:02,feature_drift,critical,Open,"Feature drift detected on Open: PSI=2.7335, KS p-value=0.000000"
2026-06-08 21:47:02,feature_drift,critical,Volume,"Feature drift detected on Volume: PSI=1.0451, KS p-value=0.000000"
2026-06-08 21:47:02,feature_drift,critical,price_moving_average_20,"Feature drift detected on price_moving_average_20: PSI=2.7465, KS p-value=0.000000"
2026-06-08 21:47:02,feature_drift,critical,price_moving_std_20,"Feature drift detected on price_moving_std_20: PSI=0.5101, KS p-value=0.000000"
2026-06-08 21:47:02,feature_drift,critical,volume_moving_average_20,"Feature drift detected on volume_moving_average_20: PSI=2.8047, KS p-value=0.000000"
2026-06-08 21:47:02,feature_drift,critical,volume_moving_std_20,"Feature drift detected on volume_moving_std_20: PSI=0.5931, KS p-value=0.000000"
2026-06-08 21:47:03,label_drift,warning,label_positive_rate,"Label drift detected between 2018-12-09 00:00:00 and 2019-02-07 00:00:00: positive rate=0.0000, baseline=0.0256"
2026-06-08 21:47:03,label_drift,warning,label_positive_rate,"Label drift detected between 2018-12-10 00:00:00 and 2019-02-08 00:00:00: positive rate=0.0000, baseline=0.0256"
2026-06-08 21:47:03,label_drift,warning,label_positive_rate,"Label drift detected between 2018-12-13 00:00:00 and 2019-02-11 00:00:00: positive rate=0.0000, baseline=0.0256"
2026-06-08 21:47:03,label_drift,warning,label_positive_rate,"Label drift detected between 2018-12-14 00:00:00 and 2019-02-12 00:00:00: positive rate=0.0000, baseline=0.0256"
2026-06-08 21:47:03,label_drift,warning,label_positive_rate,"Label drift detected between 2018-12-15 00:00:00 and 2019-02-13 00:00:00: positive rate=0.0000, baseline=0.0256"
2026-06-08 21:47:03,label_drift,warning,label_positive_rate,"Label drift detected between 2018-12-16 00:00:00 and 2019-02-14 00:00:00: positive rate=0.0000, baseline=0.0256"
2026-06-08 21:47:03,label_drift,warning,label_positive_rate,"Label drift detected between 2018-12-17 00:00:00 and 2019-02-15 00:00:00: positive rate=0.0000, baseline=0.0256"
2026-06-08 21:47:03,label_drift,warning,label_positive_rate,"Label drift detected between 2018-12-20 00:00:00 and 2019-02-18 00:00:00: positive rate=0.0000, baseline=0.0256"
2026-06-08 21:47:03,label_drift,warning,label_positive_rate,"Label drift detected between 2018-12-21 00:00:00 and 2019-02-19 00:00:00: positive rate=0.0000, baseline=0.0256"
2026-06-08 21:47:03,label_drift,warning,label_positive_rate,"Label drift detected between 2018-12-22 00:00:00 and 2019-02-20 00:00:00: positive rate=0.0000, baseline=0.0256"
2026-06-08 21:47:03,label_drift,warning,label_positive_rate,"Label drift detected between 2018-12-23 00:00:00 and 2019-02-21 00:00:00: positive rate=0.0000, baseline=0.0256"
2026-06-08 21:47:03,label_drift,warning,label_positive_rate,"Label drift detected between 2018-12-24 00:00:00 and 2019-02-22 00:00:00: positive rate=0.0000, baseline=0.0256"
2026-06-08 21:47:03,label_drift,warning,label_positive_rate,"Label drift detected between 2018-12-27 00:00:00 and 2019-02-25 00:00:00: positive rate=0.0000, baseline=0.0256"
2026-06-08 21:47:03,label_drift,warning,label_positive_rate,"Label drift detected between 2018-12-28 00:00:00 and 2019-02-26 00:00:00: positive rate=0.0000, baseline=0.0256"
2026-06-08 21:47:03,label_drift,warning,label_positive_rate,"Label drift detected between 2018-12-29 00:00:00 and 2019-02-27 00:00:00: positive rate=0.0000, baseline=0.0256"
2026-06-08 21:47:03,label_drift,warning,label_positive_rate,"Label drift detected between 2018-12-30 00:00:00 and 2019-02-28 00:00:00: positive rate=0.0000, baseline=0.0256"
2026-06-08 21:47:03,label_drift,warning,label_positive_rate,"Label drift detected between 2018-12-31 00:00:00 and 2019-03-01 00:00:00: positive rate=0.0093, baseline=0.0256"
2026-06-08 21:47:03,label_drift,warning,label_positive_rate,"Label drift detected between 2019-01-03 00:00:00 and 2019-03-04 00:00:00: positive rate=0.0089, baseline=0.0256"
2026-06-08 21:47:03,label_drift,warning,label_positive_rate,"Label drift detected between 2019-01-04 00:00:00 and 2019-03-05 00:00:00: positive rate=0.0085, baseline=0.0256"
2026-06-08 21:47:03,label_drift,warning,label_positive_rate,"Label drift detected between 2019-01-05 00:00:00 and 2019-03-06 00:00:00: positive rate=0.0082, baseline=0.0256"
2026-06-08 21:47:03,label_drift,warning,label_positive_rate,"Label drift detected between 2019-01-06 00:00:00 and 2019-03-07 00:00:00: positive rate=0.0079, baseline=0.0256"
2026-06-08 21:47:03,label_drift,warning,label_positive_rate,"Label drift detected between 2019-08-08 00:00:00 and 2019-10-07 00:00:00: positive rate=0.0095, baseline=0.0256"
2026-06-08 21:47:03,label_drift,warning,label_positive_rate,"Label drift detected between 2019-08-09 00:00:00 and 2019-10-08 00:00:00: positive rate=0.0095, baseline=0.0256"
2026-06-08 21:47:03,label_drift,warning,label_positive_rate,"Label drift detected between 2019-08-10 00:00:00 and 2019-10-09 00:00:00: positive rate=0.0095, baseline=0.0256"
2026-06-08 21:47:03,label_drift,warning,label_positive_rate,"Label drift detected between 2019-08-11 00:00:00 and 2019-10-10 00:00:00: positive rate=0.0093, baseline=0.0256"
2026-06-08 21:47:03,label_drift,warning,label_positive_rate,"Label drift detected between 2019-08-12 00:00:00 and 2019-10-11 00:00:00: positive rate=0.0090, baseline=0.0256"
2026-06-08 21:47:03,label_drift,warning,label_positive_rate,"Label drift detected between 2019-08-15 00:00:00 and 2019-10-14 00:00:00: positive rate=0.0095, baseline=0.0256"
2026-06-08 21:47:03,label_drift,warning,label_positive_rate,"Label drift detected between 2019-08-16 00:00:00 and 2019-10-15 00:00:00: positive rate=0.0095, baseline=0.0256"
2026-06-08 21:47:03,label_drift,warning,label_positive_rate,"Label drift detected between 2019-08-17 00:00:00 and 2019-10-16 00:00:00: positive rate=0.0095, baseline=0.0256"
2026-06-08 21:47:03,label_drift,warning,label_positive_rate,"Label drift detected between 2019-08-18 00:00:00 and 2019-10-17 00:00:00: positive rate=0.0093, baseline=0.0256"
2026-06-08 21:47:03,label_drift,warning,label_positive_rate,"Label drift detected between 2019-08-19 00:00:00 and 2019-10-18 00:00:00: positive rate=0.0090, baseline=0.0256"
2026-06-08 21:47:03,label_drift,warning,label_positive_rate,"Label drift detected between 2019-08-22 00:00:00 and 2019-10-21 00:00:00: positive rate=0.0095, baseline=0.0256"
2026-06-08 21:47:03,label_drift,warning,label_positive_rate,"Label drift detected between 2019-08-23 00:00:00 and 2019-10-22 00:00:00: positive rate=0.0047, baseline=0.0256"
2026-06-08 21:47:03,label_drift,warning,label_positive_rate,"Label drift detected between 2019-08-24 00:00:00 and 2019-10-23 00:00:00: positive rate=0.0047, baseline=0.0256"
2026-06-08 21:47:03,label_drift,warning,label_positive_rate,"Label drift detected between 2019-08-25 00:00:00 and 2019-10-24 00:00:00: positive rate=0.0046, baseline=0.0256"
2026-06-08 21:47:03,label_drift,warning,label_positive_rate,"Label drift detected between 2019-08-26 00:00:00 and 2019-10-25 00:00:00: positive rate=0.0045, baseline=0.0256"
2026-06-08 21:47:03,label_drift,warning,label_positive_rate,"Label drift detected between 2019-08-29 00:00:00 and 2019-10-28 00:00:00: positive rate=0.0047, baseline=0.0256"
2026-06-08 21:47:03,label_drift,warning,label_positive_rate,"Label drift detected between 2019-08-30 00:00:00 and 2019-10-29 00:00:00: positive rate=0.0047, baseline=0.0256"
2026-06-08 21:47:03,label_drift,warning,label_positive_rate,"Label drift detected between 2019-08-31 00:00:00 and 2019-10-30 00:00:00: positive rate=0.0047, baseline=0.0256"
2026-06-08 21:47:03,label_drift,warning,label_positive_rate,"Label drift detected between 2019-09-01 00:00:00 and 2019-10-31 00:00:00: positive rate=0.0046, baseline=0.0256"
2026-06-08 21:47:03,label_drift,warning,label_positive_rate,"Label drift detected between 2019-09-02 00:00:00 and 2019-11-01 00:00:00: positive rate=0.0045, baseline=0.0256"
2026-06-08 21:47:03,label_drift,warning,label_positive_rate,"Label drift detected between 2019-09-05 00:00:00 and 2019-11-04 00:00:00: positive rate=0.0047, baseline=0.0256"
2026-06-08 21:47:03,label_drift,warning,label_positive_rate,"Label drift detected between 2019-09-06 00:00:00 and 2019-11-05 00:00:00: positive rate=0.0047, baseline=0.0256"
2026-06-08 21:47:03,label_drift,warning,label_positive_rate,"Label drift detected between 2019-09-07 00:00:00 and 2019-11-06 00:00:00: positive rate=0.0047, baseline=0.0256"
2026-06-08 21:47:03,label_drift,warning,label_positive_rate,"Label drift detected between 2019-09-08 00:00:00 and 2019-11-07 00:00:00: positive rate=0.0045, baseline=0.0256"
2026-06-08 21:47:03,label_drift,warning,label_positive_rate,"Label drift detected between 2019-09-09 00:00:00 and 2019-11-08 00:00:00: positive rate=0.0044, baseline=0.0256"
2026-06-08 21:47:03,label_drift,warning,label_positive_rate,"Label drift detected between 2019-09-12 00:00:00 and 2019-11-11 00:00:00: positive rate=0.0047, baseline=0.0256"
2026-06-08 21:47:03,label_drift,warning,label_positive_rate,"Label drift detected between 2019-09-13 00:00:00 and 2019-11-12 00:00:00: positive rate=0.0047, baseline=0.0256"
2026-06-08 21:47:03,label_drift,warning,label_positive_rate,"Label drift detected between 2019-09-14 00:00:00 and 2019-11-13 00:00:00: positive rate=0.0093, baseline=0.0256"
2026-06-08 21:47:03,label_drift,warning,label_positive_rate,"Label drift detected between 2019-09-15 00:00:00 and 2019-11-14 00:00:00: positive rate=0.0091, baseline=0.0256"
2026-06-08 21:47:03,label_drift,warning,label_positive_rate,"Label drift detected between 2019-09-16 00:00:00 and 2019-11-15 00:00:00: positive rate=0.0089, baseline=0.0256"
2026-06-08 21:47:03,label_drift,warning,label_positive_rate,"Label drift detected between 2019-09-19 00:00:00 and 2019-11-18 00:00:00: positive rate=0.0093, baseline=0.0256"
2026-06-08 21:47:03,label_drift,warning,label_positive_rate,"Label drift detected between 2019-09-20 00:00:00 and 2019-11-19 00:00:00: positive rate=0.0093, baseline=0.0256"
2026-06-08 21:47:03,label_drift,warning,label_positive_rate,"Label drift detected between 2019-09-21 00:00:00 and 2019-11-20 00:00:00: positive rate=0.0093, baseline=0.0256"
2026-06-08 21:47:03,label_drift,warning,label_positive_rate,"Label drift detected between 2019-09-22 00:00:00 and 2019-11-21 00:00:00: positive rate=0.0091, baseline=0.0256"
2026-06-08 21:47:03,label_drift,warning,label_positive_rate,"Label drift detected between 2019-09-23 00:00:00 and 2019-11-22 00:00:00: positive rate=0.0089, baseline=0.0256"
2026-06-08 21:47:03,label_drift,warning,label_positive_rate,"Label drift detected between 2019-09-26 00:00:00 and 2019-11-25 00:00:00: positive rate=0.0093, baseline=0.0256"
2026-06-08 21:47:03,label_drift,warning,label_positive_rate,"Label drift detected between 2019-09-27 00:00:00 and 2019-11-26 00:00:00: positive rate=0.0093, baseline=0.0256"
2026-06-08 21:47:03,label_drift,warning,label_positive_rate,"Label drift detected between 2019-09-28 00:00:00 and 2019-11-27 00:00:00: positive rate=0.0093, baseline=0.0256"
2026-06-08 21:47:03,label_drift,warning,label_positive_rate,"Label drift detected between 2019-09-29 00:00:00 and 2019-11-28 00:00:00: positive rate=0.0093, baseline=0.0256"
2026-06-08 21:47:03,label_drift,warning,label_positive_rate,"Label drift detected between 2019-09-30 00:00:00 and 2019-11-29 00:00:00: positive rate=0.0090, baseline=0.0256"
2026-06-08 21:47:03,label_drift,warning,label_positive_rate,"Label drift detected between 2019-10-03 00:00:00 and 2019-12-02 00:00:00: positive rate=0.0095, baseline=0.0256"
2026-06-08 21:47:03,label_drift,warning,label_positive_rate,"Label drift detected between 2019-10-04 00:00:00 and 2019-12-03 00:00:00: positive rate=0.0095, baseline=0.0256"
2026-06-08 21:47:03,label_drift,warning,label_positive_rate,"Label drift detected between 2019-10-05 00:00:00 and 2019-12-04 00:00:00: positive rate=0.0095, baseline=0.0256"
2026-06-08 21:47:03,label_drift,warning,label_positive_rate,"Label drift detected between 2019-10-06 00:00:00 and 2019-12-05 00:00:00: positive rate=0.0093, baseline=0.0256"
2026-06-08 21:47:03,label_drift,warning,label_positive_rate,"Label drift detected between 2019-10-07 00:00:00 and 2019-12-06 00:00:00: positive rate=0.0090, baseline=0.0256"
2026-06-08 21:47:03,label_drift,warning,label_positive_rate,"Label drift detected between 2019-10-10 00:00:00 and 2019-12-09 00:00:00: positive rate=0.0095, baseline=0.0256"
2026-06-08 21:47:03,label_drift,warning,label_positive_rate,"Label drift detected between 2019-10-11 00:00:00 and 2019-12-10 00:00:00: positive rate=0.0095, baseline=0.0256"
2026-06-08 21:47:03,label_drift,warning,label_positive_rate,"Label drift detected between 2019-12-12 00:00:00 and 2020-02-10 00:00:00: positive rate=0.0100, baseline=0.0256"
2026-06-08 21:47:03,label_drift,warning,label_positive_rate,"Label drift detected between 2019-12-13 00:00:00 and 2020-02-11 00:00:00: positive rate=0.0100, baseline=0.0256"
2026-06-08 21:47:03,label_drift,warning,label_positive_rate,"Label drift detected between 2019-12-14 00:00:00 and 2020-02-12 00:00:00: positive rate=0.0100, baseline=0.0256"
2026-06-08 21:47:03,label_drift,warning,label_positive_rate,"Label drift detected between 2019-12-15 00:00:00 and 2020-02-13 00:00:00: positive rate=0.0098, baseline=0.0256"
2026-06-08 21:47:03,label_drift,warning,label_positive_rate,"Label drift detected between 2019-12-16 00:00:00 and 2020-02-14 00:00:00: positive rate=0.0095, baseline=0.0256"
2026-06-08 21:47:03,label_drift,warning,label_positive_rate,"Label drift detected between 2019-12-19 00:00:00 and 2020-02-17 00:00:00: positive rate=0.0102, baseline=0.0256"
2026-06-08 21:47:03,label_drift,warning,label_positive_rate,"Label drift detected between 2019-12-20 00:00:00 and 2020-02-18 00:00:00: positive rate=0.0102, baseline=0.0256"
2026-06-08 21:47:03,label_drift,warning,label_positive_rate,"Label drift detected between 2019-12-21 00:00:00 and 2020-02-19 00:00:00: positive rate=0.0102, baseline=0.0256"
2026-06-08 21:47:03,label_drift,warning,label_positive_rate,"Label drift detected between 2019-12-22 00:00:00 and 2020-02-20 00:00:00: positive rate=0.0100, baseline=0.0256"
2026-06-08 21:47:03,label_drift,warning,label_positive_rate,"Label drift detected between 2019-12-23 00:00:00 and 2020-02-21 00:00:00: positive rate=0.0097, baseline=0.0256"
2026-06-08 21:47:03,label_drift,warning,label_positive_rate,"Label drift detected between 2019-12-26 00:00:00 and 2020-02-24 00:00:00: positive rate=0.0100, baseline=0.0256"
2026-06-08 21:47:03,label_drift,warning,label_positive_rate,"Label drift detected between 2019-12-27 00:00:00 and 2020-02-25 00:00:00: positive rate=0.0099, baseline=0.0256"
2026-06-08 21:47:03,label_drift,warning,label_positive_rate,"Label drift detected between 2020-02-14 00:00:00 and 2020-04-14 00:00:00: positive rate=0.0390, baseline=0.0256"
2026-06-08 21:47:03,label_drift,warning,label_positive_rate,"Label drift detected between 2020-02-15 00:00:00 and 2020-04-15 00:00:00: positive rate=0.0390, baseline=0.0256"
2026-06-08 21:47:03,label_drift,warning,label_positive_rate,"Label drift detected between 2020-03-13 00:00:00 and 2020-05-12 00:00:00: positive rate=0.0096, baseline=0.0256"
2026-06-08 21:47:03,label_drift,warning,label_positive_rate,"Label drift detected between 2020-03-14 00:00:00 and 2020-05-13 00:00:00: positive rate=0.0096, baseline=0.0256"
2026-06-08 21:47:03,label_drift,warning,label_positive_rate,"Label drift detected between 2020-03-15 00:00:00 and 2020-05-14 00:00:00: positive rate=0.0094, baseline=0.0256"
2026-06-08 21:47:03,label_drift,warning,label_positive_rate,"Label drift detected between 2020-03-16 00:00:00 and 2020-05-15 00:00:00: positive rate=0.0092, baseline=0.0256"
2026-06-08 21:47:03,label_drift,warning,label_positive_rate,"Label drift detected between 2020-03-19 00:00:00 and 2020-05-18 00:00:00: positive rate=0.0096, baseline=0.0256"
2026-06-08 21:47:03,label_drift,warning,label_positive_rate,"Label drift detected between 2020-03-20 00:00:00 and 2020-05-19 00:00:00: positive rate=0.0048, baseline=0.0256"
2026-06-08 21:47:03,label_drift,warning,label_positive_rate,"Label drift detected between 2020-03-21 00:00:00 and 2020-05-20 00:00:00: positive rate=0.0048, baseline=0.0256"
2026-06-08 21:47:03,label_drift,warning,label_positive_rate,"Label drift detected between 2020-03-22 00:00:00 and 2020-05-21 00:00:00: positive rate=0.0047, baseline=0.0256"
2026-06-08 21:47:03,label_drift,warning,label_positive_rate,"Label drift detected between 2020-03-23 00:00:00 and 2020-05-22 00:00:00: positive rate=0.0046, baseline=0.0256"
2026-06-08 21:47:03,label_drift,warning,label_positive_rate,"Label drift detected between 2020-03-26 00:00:00 and 2020-05-25 00:00:00: positive rate=0.0049, baseline=0.0256"
2026-06-08 21:47:03,label_drift,warning,label_positive_rate,"Label drift detected between 2020-03-27 00:00:00 and 2020-05-26 00:00:00: positive rate=0.0049, baseline=0.0256"
2026-06-08 21:47:03,label_drift,warning,label_positive_rate,"Label drift detected between 2020-03-28 00:00:00 and 2020-05-27 00:00:00: positive rate=0.0049, baseline=0.0256"
2026-06-08 21:47:03,label_drift,warning,label_positive_rate,"Label drift detected between 2020-03-29 00:00:00 and 2020-05-28 00:00:00: positive rate=0.0048, baseline=0.0256"
2026-06-08 21:47:03,label_drift,warning,label_positive_rate,"Label drift detected between 2020-03-30 00:00:00 and 2020-05-29 00:00:00: positive rate=0.0047, baseline=0.0256"
2026-06-08 21:47:03,label_drift,warning,label_positive_rate,"Label drift detected between 2020-04-02 00:00:00 and 2020-06-01 00:00:00: positive rate=0.0049, baseline=0.0256"
2026-06-08 21:47:03,label_drift,warning,label_positive_rate,"Label drift detected between 2020-04-03 00:00:00 and 2020-06-02 00:00:00: positive rate=0.0049, baseline=0.0256"
2026-06-08 21:47:03,label_drift,warning,label_positive_rate,"Label drift detected between 2020-04-04 00:00:00 and 2020-06-03 00:00:00: positive rate=0.0049, baseline=0.0256"
2026-06-08 21:47:03,label_drift,warning,label_positive_rate,"Label drift detected between 2020-04-05 00:00:00 and 2020-06-04 00:00:00: positive rate=0.0048, baseline=0.0256"
2026-06-08 21:47:03,label_drift,warning,label_positive_rate,"Label drift detected between 2020-04-06 00:00:00 and 2020-06-05 00:00:00: positive rate=0.0047, baseline=0.0256"
2026-06-08 21:47:03,label_drift,warning,label_positive_rate,"Label drift detected between 2020-04-09 00:00:00 and 2020-06-08 00:00:00: positive rate=0.0098, baseline=0.0256"
2026-06-08 21:47:03,label_drift,warning,label_positive_rate,"Label drift detected between 2020-04-10 00:00:00 and 2020-06-09 00:00:00: positive rate=0.0098, baseline=0.0256"
2026-06-08 21:47:03,label_drift,warning,label_positive_rate,"Label drift detected between 2020-07-05 00:00:00 and 2020-09-03 00:00:00: positive rate=0.0409, baseline=0.0256"
2026-06-08 21:47:03,label_drift,warning,label_positive_rate,"Label drift detected between 2020-07-06 00:00:00 and 2020-09-04 00:00:00: positive rate=0.0400, baseline=0.0256"
2026-06-08 21:47:03,label_drift,warning,label_positive_rate,"Label drift detected between 2020-07-09 00:00:00 and 2020-09-07 00:00:00: positive rate=0.0427, baseline=0.0256"
2026-06-08 21:47:03,label_drift,warning,label_positive_rate,"Label drift detected between 2020-07-10 00:00:00 and 2020-09-08 00:00:00: positive rate=0.0427, baseline=0.0256"
2026-06-08 21:47:03,label_drift,warning,label_positive_rate,"Label drift detected between 2020-07-11 00:00:00 and 2020-09-09 00:00:00: positive rate=0.0427, baseline=0.0256"
2026-06-08 21:47:03,label_drift,warning,label_positive_rate,"Label drift detected between 2020-07-12 00:00:00 and 2020-09-10 00:00:00: positive rate=0.0417, baseline=0.0256"
2026-06-08 21:47:03,label_drift,warning,label_positive_rate,"Label drift detected between 2020-07-13 00:00:00 and 2020-09-11 00:00:00: positive rate=0.0407, baseline=0.0256"
2026-06-08 21:47:03,label_drift,warning,label_positive_rate,"Label drift detected between 2020-07-16 00:00:00 and 2020-09-14 00:00:00: positive rate=0.0427, baseline=0.0256"
2026-06-08 21:47:03,label_drift,warning,label_positive_rate,"Label drift detected between 2020-07-17 00:00:00 and 2020-09-15 00:00:00: positive rate=0.0427, baseline=0.0256"
2026-06-08 21:47:03,label_drift,warning,label_positive_rate,"Label drift detected between 2020-07-18 00:00:00 and 2020-09-16 00:00:00: positive rate=0.0427, baseline=0.0256"
2026-06-08 21:47:03,label_drift,warning,label_positive_rate,"Label drift detected between 2020-07-19 00:00:00 and 2020-09-17 00:00:00: positive rate=0.0417, baseline=0.0256"
2026-06-08 21:47:03,label_drift,warning,label_positive_rate,"Label drift detected between 2020-07-20 00:00:00 and 2020-09-18 00:00:00: positive rate=0.0407, baseline=0.0256"
2026-06-08 21:47:03,label_drift,warning,label_positive_rate,"Label drift detected between 2020-07-23 00:00:00 and 2020-09-21 00:00:00: positive rate=0.0427, baseline=0.0256"
2026-06-08 21:47:03,label_drift,warning,label_positive_rate,"Label drift detected between 2020-07-24 00:00:00 and 2020-09-22 00:00:00: positive rate=0.0474, baseline=0.0256"
2026-06-08 21:47:03,label_drift,warning,label_positive_rate,"Label drift detected between 2020-07-25 00:00:00 and 2020-09-23 00:00:00: positive rate=0.0474, baseline=0.0256"
2026-06-08 21:47:03,label_drift,warning,label_positive_rate,"Label drift detected between 2020-07-26 00:00:00 and 2020-09-24 00:00:00: positive rate=0.0463, baseline=0.0256"
2026-06-08 21:47:03,label_drift,warning,label_positive_rate,"Label drift detected between 2020-07-27 00:00:00 and 2020-09-25 00:00:00: positive rate=0.0452, baseline=0.0256"
2026-06-08 21:47:03,label_drift,warning,label_positive_rate,"Label drift detected between 2020-07-30 00:00:00 and 2020-09-28 00:00:00: positive rate=0.0474, baseline=0.0256"
2026-06-08 21:47:03,label_drift,warning,label_positive_rate,"Label drift detected between 2020-07-31 00:00:00 and 2020-09-29 00:00:00: positive rate=0.0474, baseline=0.0256"
2026-06-08 21:47:03,label_drift,warning,label_positive_rate,"Label drift detected between 2020-08-01 00:00:00 and 2020-09-30 00:00:00: positive rate=0.0427, baseline=0.0256"
2026-06-08 21:47:03,label_drift,warning,label_positive_rate,"Label drift detected between 2020-08-02 00:00:00 and 2020-10-01 00:00:00: positive rate=0.0417, baseline=0.0256"
2026-06-08 21:47:03,label_drift,warning,label_positive_rate,"Label drift detected between 2020-08-03 00:00:00 and 2020-10-02 00:00:00: positive rate=0.0407, baseline=0.0256"
2026-06-08 21:47:03,label_drift,warning,label_positive_rate,"Label drift detected between 2020-08-10 00:00:00 and 2020-10-09 00:00:00: positive rate=0.0407, baseline=0.0256"
2026-06-08 21:47:03,label_drift,warning,label_positive_rate,"Label drift detected between 2020-08-13 00:00:00 and 2020-10-12 00:00:00: positive rate=0.0427, baseline=0.0256"
2026-06-08 21:47:03,label_drift,warning,label_positive_rate,"Label drift detected between 2020-08-15 00:00:00 and 2020-10-14 00:00:00: positive rate=0.0427, baseline=0.0256"
2026-06-08 21:47:03,label_drift,warning,label_positive_rate,"Label drift detected between 2020-08-16 00:00:00 and 2020-10-15 00:00:00: positive rate=0.0417, baseline=0.0256"
2026-06-08 21:47:03,label_drift,warning,label_positive_rate,"Label drift detected between 2020-08-17 00:00:00 and 2020-10-16 00:00:00: positive rate=0.0452, baseline=0.0256"
2026-06-08 21:47:03,label_drift,warning,label_positive_rate,"Label drift detected between 2020-08-20 00:00:00 and 2020-10-19 00:00:00: positive rate=0.0521, baseline=0.0256"
2026-06-08 21:47:03,label_drift,warning,label_positive_rate,"Label drift detected between 2020-08-21 00:00:00 and 2020-10-20 00:00:00: positive rate=0.0521, baseline=0.0256"
2026-06-08 21:47:03,label_drift,warning,label_positive_rate,"Label drift detected between 2020-08-22 00:00:00 and 2020-10-21 00:00:00: positive rate=0.0521, baseline=0.0256"
2026-06-08 21:47:03,label_drift,warning,label_positive_rate,"Label drift detected between 2020-08-23 00:00:00 and 2020-10-22 00:00:00: positive rate=0.0509, baseline=0.0256"
2026-06-08 21:47:03,label_drift,warning,label_positive_rate,"Label drift detected between 2020-08-24 00:00:00 and 2020-10-23 00:00:00: positive rate=0.0498, baseline=0.0256"
2026-06-08 21:47:03,label_drift,warning,label_positive_rate,"Label drift detected between 2020-08-27 00:00:00 and 2020-10-26 00:00:00: positive rate=0.0521, baseline=0.0256"
2026-06-08 21:47:03,label_drift,warning,label_positive_rate,"Label drift detected between 2020-08-28 00:00:00 and 2020-10-27 00:00:00: positive rate=0.0476, baseline=0.0256"
2026-06-08 21:47:03,label_drift,warning,label_positive_rate,"Label drift detected between 2020-08-29 00:00:00 and 2020-10-28 00:00:00: positive rate=0.0478, baseline=0.0256"
2026-06-08 21:47:03,label_drift,warning,label_positive_rate,"Label drift detected between 2020-08-30 00:00:00 and 2020-10-29 00:00:00: positive rate=0.0469, baseline=0.0256"
2026-06-08 21:47:03,label_drift,warning,label_positive_rate,"Label drift detected between 2020-08-31 00:00:00 and 2020-10-30 00:00:00: positive rate=0.0461, baseline=0.0256"
2026-06-08 21:47:03,label_drift,warning,label_positive_rate,"Label drift detected between 2020-11-20 00:00:00 and 2021-01-19 00:00:00: positive rate=0.0393, baseline=0.0256"
2026-06-08 21:47:03,label_drift,warning,label_positive_rate,"Label drift detected between 2020-11-21 00:00:00 and 2021-01-20 00:00:00: positive rate=0.0447, baseline=0.0256"
2026-06-08 21:47:03,label_drift,warning,label_positive_rate,"Label drift detected between 2020-11-22 00:00:00 and 2021-01-21 00:00:00: positive rate=0.0435, baseline=0.0256"
2026-06-08 21:47:03,label_drift,warning,label_positive_rate,"Label drift detected between 2020-11-23 00:00:00 and 2021-01-22 00:00:00: positive rate=0.0529, baseline=0.0256"
2026-06-08 21:47:03,label_drift,warning,label_positive_rate,"Label drift detected between 2020-11-26 00:00:00 and 2021-01-25 00:00:00: positive rate=0.0663, baseline=0.0256"
2026-06-08 21:47:03,label_drift,warning,label_positive_rate,"Label drift detected between 2020-11-27 00:00:00 and 2021-01-26 00:00:00: positive rate=0.0753, baseline=0.0256"
2026-06-08 21:47:03,label_drift,warning,label_positive_rate,"Label drift detected between 2020-11-28 00:00:00 and 2021-01-27 00:00:00: positive rate=0.0860, baseline=0.0256"
2026-06-08 21:47:03,label_drift,warning,label_positive_rate,"Label drift detected between 2020-11-29 00:00:00 and 2021-01-28 00:00:00: positive rate=0.0942, baseline=0.0256"
2026-06-08 21:47:03,label_drift,warning,label_positive_rate,"Label drift detected between 2020-11-30 00:00:00 and 2021-01-29 00:00:00: positive rate=0.1020, baseline=0.0256"
2026-06-08 21:47:03,label_drift,warning,label_positive_rate,"Label drift detected between 2020-12-03 00:00:00 and 2021-02-01 00:00:00: positive rate=0.1170, baseline=0.0256"
2026-06-08 21:47:03,label_drift,warning,label_positive_rate,"Label drift detected between 2020-12-04 00:00:00 and 2021-02-02 00:00:00: positive rate=0.1270, baseline=0.0256"
2026-06-08 21:47:03,label_drift,warning,label_positive_rate,"Label drift detected between 2020-12-05 00:00:00 and 2021-02-03 00:00:00: positive rate=0.1368, baseline=0.0256"
2026-06-08 21:47:03,label_drift,warning,label_positive_rate,"Label drift detected between 2020-12-06 00:00:00 and 2021-02-04 00:00:00: positive rate=0.1436, baseline=0.0256"
2026-06-08 21:47:03,label_drift,warning,label_positive_rate,"Label drift detected between 2020-12-07 00:00:00 and 2021-02-05 00:00:00: positive rate=0.1500, baseline=0.0256"
2026-06-08 21:47:03,label_drift,warning,label_positive_rate,"Label drift detected between 2020-12-10 00:00:00 and 2021-02-08 00:00:00: positive rate=0.1562, baseline=0.0256"
2026-06-08 21:47:03,label_drift,warning,label_positive_rate,"Label drift detected between 2020-12-11 00:00:00 and 2021-02-09 00:00:00: positive rate=0.1562, baseline=0.0256"
2026-06-08 21:47:03,label_drift,warning,label_positive_rate,"Label drift detected between 2020-12-12 00:00:00 and 2021-02-10 00:00:00: positive rate=0.1554, baseline=0.0256"
2026-06-08 21:47:03,label_drift,warning,label_positive_rate,"Label drift detected between 2020-12-13 00:00:00 and 2021-02-11 00:00:00: positive rate=0.1515, baseline=0.0256"
2026-06-08 21:47:03,label_drift,warning,label_positive_rate,"Label drift detected between 2020-12-14 00:00:00 and 2021-02-12 00:00:00: positive rate=0.1478, baseline=0.0256"
2026-06-08 21:47:03,label_drift,warning,label_positive_rate,"Label drift detected between 2020-12-17 00:00:00 and 2021-02-15 00:00:00: positive rate=0.1518, baseline=0.0256"
2026-06-08 21:47:03,label_drift,warning,label_positive_rate,"Label drift detected between 2020-12-18 00:00:00 and 2021-02-16 00:00:00: positive rate=0.1510, baseline=0.0256"
2026-06-08 21:47:03,label_drift,warning,label_positive_rate,"Label drift detected between 2020-12-19 00:00:00 and 2021-02-17 00:00:00: positive rate=0.1503, baseline=0.0256"
2026-06-08 21:47:03,label_drift,warning,label_positive_rate,"Label drift detected between 2020-12-20 00:00:00 and 2021-02-18 00:00:00: positive rate=0.1465, baseline=0.0256"
2026-06-08 21:47:03,label_drift,warning,label_positive_rate,"Label drift detected between 2020-12-21 00:00:00 and 2021-02-19 00:00:00: positive rate=0.1429, baseline=0.0256"
2026-06-08 21:47:03,label_drift,warning,label_positive_rate,"Label drift detected between 2020-12-24 00:00:00 and 2021-02-22 00:00:00: positive rate=0.1392, baseline=0.0256"
2026-06-08 21:47:03,label_drift,warning,label_positive_rate,"Label drift detected between 2020-12-25 00:00:00 and 2021-02-23 00:00:00: positive rate=0.1392, baseline=0.0256"
2026-06-08 21:47:03,label_drift,warning,label_positive_rate,"Label drift detected between 2020-12-26 00:00:00 and 2021-02-24 00:00:00: positive rate=0.1364, baseline=0.0256"
2026-06-08 21:47:03,label_drift,warning,label_positive_rate,"Label drift detected between 2020-12-27 00:00:00 and 2021-02-25 00:00:00: positive rate=0.1330, baseline=0.0256"
2026-06-08 21:47:03,label_drift,warning,label_positive_rate,"Label drift detected between 2020-12-28 00:00:00 and 2021-02-26 00:00:00: positive rate=0.1298, baseline=0.0256"
2026-06-08 21:47:03,label_drift,warning,label_positive_rate,"Label drift detected between 2020-12-31 00:00:00 and 2021-03-01 00:00:00: positive rate=0.1350, baseline=0.0256"
2026-06-08 21:47:03,label_drift,warning,label_positive_rate,"Label drift detected between 2021-01-01 00:00:00 and 2021-03-02 00:00:00: positive rate=0.1350, baseline=0.0256"
2026-06-08 21:47:03,label_drift,warning,label_positive_rate,"Label drift detected between 2021-01-02 00:00:00 and 2021-03-03 00:00:00: positive rate=0.1317, baseline=0.0256"
2026-06-08 21:47:03,label_drift,warning,label_positive_rate,"Label drift detected between 2021-01-03 00:00:00 and 2021-03-04 00:00:00: positive rate=0.1286, baseline=0.0256"
2026-06-08 21:47:03,label_drift,warning,label_positive_rate,"Label drift detected between 2021-01-04 00:00:00 and 2021-03-05 00:00:00: positive rate=0.1256, baseline=0.0256"
2026-06-08 21:47:03,label_drift,warning,label_positive_rate,"Label drift detected between 2021-01-07 00:00:00 and 2021-03-08 00:00:00: positive rate=0.1311, baseline=0.0256"
2026-06-08 21:47:03,label_drift,warning,label_positive_rate,"Label drift detected between 2021-01-08 00:00:00 and 2021-03-09 00:00:00: positive rate=0.1317, baseline=0.0256"
2026-06-08 21:47:03,label_drift,warning,label_positive_rate,"Label drift detected between 2021-01-09 00:00:00 and 2021-03-10 00:00:00: positive rate=0.1317, baseline=0.0256"
2026-06-08 21:47:03,label_drift,warning,label_positive_rate,"Label drift detected between 2021-01-10 00:00:00 and 2021-03-11 00:00:00: positive rate=0.1286, baseline=0.0256"
2026-06-08 21:47:03,label_drift,warning,label_positive_rate,"Label drift detected between 2021-01-11 00:00:00 and 2021-03-12 00:00:00: positive rate=0.1256, baseline=0.0256"
2026-06-08 21:47:03,label_drift,warning,label_positive_rate,"Label drift detected between 2021-01-14 00:00:00 and 2021-03-15 00:00:00: positive rate=0.1268, baseline=0.0256"
2026-06-08 21:47:03,label_drift,warning,label_positive_rate,"Label drift detected between 2021-01-15 00:00:00 and 2021-03-16 00:00:00: positive rate=0.1220, baseline=0.0256"
2026-06-08 21:47:03,label_drift,warning,label_positive_rate,"Label drift detected between 2021-01-16 00:00:00 and 2021-03-17 00:00:00: positive rate=0.1220, baseline=0.0256"
2026-06-08 21:47:03,label_drift,warning,label_positive_rate,"Label drift detected between 2021-01-17 00:00:00 and 2021-03-18 00:00:00: positive rate=0.1190, baseline=0.0256"
2026-06-08 21:47:03,label_drift,warning,label_positive_rate,"Label drift detected between 2021-01-18 00:00:00 and 2021-03-19 00:00:00: positive rate=0.1163, baseline=0.0256"
2026-06-08 21:47:03,label_drift,warning,label_positive_rate,"Label drift detected between 2021-01-21 00:00:00 and 2021-03-22 00:00:00: positive rate=0.1053, baseline=0.0256"
2026-06-08 21:47:03,label_drift,warning,label_positive_rate,"Label drift detected between 2021-01-22 00:00:00 and 2021-03-23 00:00:00: positive rate=0.1053, baseline=0.0256"
2026-06-08 21:47:03,label_drift,warning,label_positive_rate,"Label drift detected between 2021-01-23 00:00:00 and 2021-03-24 00:00:00: positive rate=0.0957, baseline=0.0256"
2026-06-08 21:47:03,label_drift,warning,label_positive_rate,"Label drift detected between 2021-01-24 00:00:00 and 2021-03-25 00:00:00: positive rate=0.0935, baseline=0.0256"
2026-06-08 21:47:03,label_drift,warning,label_positive_rate,"Label drift detected between 2021-01-25 00:00:00 and 2021-03-26 00:00:00: positive rate=0.0913, baseline=0.0256"
2026-06-08 21:47:03,label_drift,warning,label_positive_rate,"Label drift detected between 2021-01-28 00:00:00 and 2021-03-29 00:00:00: positive rate=0.0670, baseline=0.0256"
2026-06-08 21:47:03,label_drift,warning,label_positive_rate,"Label drift detected between 2021-01-29 00:00:00 and 2021-03-30 00:00:00: positive rate=0.0574, baseline=0.0256"
2026-06-08 21:47:03,label_drift,warning,label_positive_rate,"Label drift detected between 2021-01-30 00:00:00 and 2021-03-31 00:00:00: positive rate=0.0478, baseline=0.0256"
2026-06-08 21:47:03,label_drift,warning,label_positive_rate,"Label drift detected between 2021-01-31 00:00:00 and 2021-04-01 00:00:00: positive rate=0.0467, baseline=0.0256"
2026-06-08 21:47:03,label_drift,warning,label_positive_rate,"Label drift detected between 2021-02-05 00:00:00 and 2021-04-06 00:00:00: positive rate=0.0099, baseline=0.0256"
2026-06-08 21:47:03,label_drift,warning,label_positive_rate,"Label drift detected between 2021-02-06 00:00:00 and 2021-04-07 00:00:00: positive rate=0.0000, baseline=0.0256"
2026-06-08 21:47:03,label_drift,warning,label_positive_rate,"Label drift detected between 2021-02-07 00:00:00 and 2021-04-08 00:00:00: positive rate=0.0000, baseline=0.0256"
2026-06-08 21:47:03,label_drift,warning,label_positive_rate,"Label drift detected between 2021-02-08 00:00:00 and 2021-04-09 00:00:00: positive rate=0.0000, baseline=0.0256"
2026-06-08 21:47:03,label_drift,warning,label_positive_rate,"Label drift detected between 2021-02-11 00:00:00 and 2021-04-12 00:00:00: positive rate=0.0000, baseline=0.0256"
2026-06-08 21:47:03,label_drift,warning,label_positive_rate,"Label drift detected between 2021-02-12 00:00:00 and 2021-04-13 00:00:00: positive rate=0.0000, baseline=0.0256"
2026-06-08 21:47:03,label_drift,warning,label_positive_rate,"Label drift detected between 2021-02-13 00:00:00 and 2021-04-14 00:00:00: positive rate=0.0000, baseline=0.0256"
2026-06-08 21:47:03,label_drift,warning,label_positive_rate,"Label drift detected between 2021-02-14 00:00:00 and 2021-04-15 00:00:00: positive rate=0.0000, baseline=0.0256"
2026-06-08 21:47:03,label_drift,warning,label_positive_rate,"Label drift detected between 2021-02-15 00:00:00 and 2021-04-16 00:00:00: positive rate=0.0000, baseline=0.0256"
2026-06-08 21:47:03,label_drift,warning,label_positive_rate,"Label drift detected between 2021-02-18 00:00:00 and 2021-04-19 00:00:00: positive rate=0.0000, baseline=0.0256"
2026-06-08 21:47:03,label_drift,warning,label_positive_rate,"Label drift detected between 2021-02-19 00:00:00 and 2021-04-20 00:00:00: positive rate=0.0000, baseline=0.0256"
2026-06-08 21:47:03,label_drift,warning,label_positive_rate,"Label drift detected between 2021-02-20 00:00:00 and 2021-04-21 00:00:00: positive rate=0.0000, baseline=0.0256"
2026-06-08 21:47:03,label_drift,warning,label_positive_rate,"Label drift detected between 2021-02-21 00:00:00 and 2021-04-22 00:00:00: positive rate=0.0000, baseline=0.0256"
2026-06-08 21:47:03,label_drift,warning,label_positive_rate,"Label drift detected between 2021-02-22 00:00:00 and 2021-04-23 00:00:00: positive rate=0.0000, baseline=0.0256"
2026-06-08 21:47:03,label_drift,warning,label_positive_rate,"Label drift detected between 2021-02-25 00:00:00 and 2021-04-26 00:00:00: positive rate=0.0000, baseline=0.0256"
2026-06-08 21:47:03,label_drift,warning,label_positive_rate,"Label drift detected between 2021-02-26 00:00:00 and 2021-04-27 00:00:00: positive rate=0.0000, baseline=0.0256"
2026-06-08 21:47:03,label_drift,warning,label_positive_rate,"Label drift detected between 2021-02-27 00:00:00 and 2021-04-28 00:00:00: positive rate=0.0000, baseline=0.0256"
2026-06-08 21:47:03,label_drift,warning,label_positive_rate,"Label drift detected between 2021-02-28 00:00:00 and 2021-04-29 00:00:00: positive rate=0.0000, baseline=0.0256"
2026-06-08 21:47:03,label_drift,warning,label_positive_rate,"Label drift detected between 2021-03-01 00:00:00 and 2021-04-30 00:00:00: positive rate=0.0000, baseline=0.0256"
2026-06-08 21:47:03,label_drift,warning,label_positive_rate,"Label drift detected between 2021-03-04 00:00:00 and 2021-05-03 00:00:00: positive rate=0.0000, baseline=0.0256"
2026-06-08 21:47:03,label_drift,warning,label_positive_rate,"Label drift detected between 2021-03-05 00:00:00 and 2021-05-04 00:00:00: positive rate=0.0000, baseline=0.0256"
2026-06-08 21:47:03,label_drift,warning,label_positive_rate,"Label drift detected between 2021-03-06 00:00:00 and 2021-05-05 00:00:00: positive rate=0.0000, baseline=0.0256"
2026-06-08 21:47:03,label_drift,warning,label_positive_rate,"Label drift detected between 2021-03-07 00:00:00 and 2021-05-06 00:00:00: positive rate=0.0000, baseline=0.0256"
2026-06-08 21:47:03,label_drift,warning,label_positive_rate,"Label drift detected between 2021-03-08 00:00:00 and 2021-05-07 00:00:00: positive rate=0.0000, baseline=0.0256"
2026-06-08 21:47:03,label_drift,warning,label_positive_rate,"Label drift detected between 2021-03-11 00:00:00 and 2021-05-10 00:00:00: positive rate=0.0000, baseline=0.0256"
2026-06-08 21:47:03,label_drift,warning,label_positive_rate,"Label drift detected between 2021-03-12 00:00:00 and 2021-05-11 00:00:00: positive rate=0.0000, baseline=0.0256"
2026-06-08 21:47:03,label_drift,warning,label_positive_rate,"Label drift detected between 2021-03-13 00:00:00 and 2021-05-12 00:00:00: positive rate=0.0000, baseline=0.0256"
2026-06-08 21:47:03,label_drift,warning,label_positive_rate,"Label drift detected between 2021-03-14 00:00:00 and 2021-05-13 00:00:00: positive rate=0.0048, baseline=0.0256"
2026-06-08 21:47:03,label_drift,warning,label_positive_rate,"Label drift detected between 2021-03-15 00:00:00 and 2021-05-14 00:00:00: positive rate=0.0047, baseline=0.0256"
2026-06-08 21:47:03,label_drift,warning,label_positive_rate,"Label drift detected between 2021-03-18 00:00:00 and 2021-05-17 00:00:00: positive rate=0.0049, baseline=0.0256"
2026-06-08 21:47:03,label_drift,warning,label_positive_rate,"Label drift detected between 2021-03-19 00:00:00 and 2021-05-18 00:00:00: positive rate=0.0049, baseline=0.0256"
2026-06-08 21:47:03,label_drift,warning,label_positive_rate,"Label drift detected between 2021-03-20 00:00:00 and 2021-05-19 00:00:00: positive rate=0.0049, baseline=0.0256"
2026-06-08 21:47:03,label_drift,warning,label_positive_rate,"Label drift detected between 2021-03-21 00:00:00 and 2021-05-20 00:00:00: positive rate=0.0048, baseline=0.0256"
2026-06-08 21:47:03,label_drift,warning,label_positive_rate,"Label drift detected between 2021-03-22 00:00:00 and 2021-05-21 00:00:00: positive rate=0.0047, baseline=0.0256"
2026-06-08 21:47:03,label_drift,warning,label_positive_rate,"Label drift detected between 2021-03-25 00:00:00 and 2021-05-24 00:00:00: positive rate=0.0049, baseline=0.0256"
2026-06-08 21:47:03,label_drift,warning,label_positive_rate,"Label drift detected between 2021-03-26 00:00:00 and 2021-05-25 00:00:00: positive rate=0.0098, baseline=0.0256"
2026-06-08 21:47:03,label_drift,warning,label_positive_rate,"Label drift detected between 2021-06-03 00:00:00 and 2021-08-02 00:00:00: positive rate=0.0098, baseline=0.0256"
2026-06-08 21:47:03,label_drift,warning,label_positive_rate,"Label drift detected between 2021-06-04 00:00:00 and 2021-08-03 00:00:00: positive rate=0.0098, baseline=0.0256"
2026-06-08 21:47:03,label_drift,warning,label_positive_rate,"Label drift detected between 2021-06-05 00:00:00 and 2021-08-04 00:00:00: positive rate=0.0098, baseline=0.0256"
2026-06-08 21:47:03,label_drift,warning,label_positive_rate,"Label drift detected between 2021-06-06 00:00:00 and 2021-08-05 00:00:00: positive rate=0.0095, baseline=0.0256"
2026-06-08 21:47:03,label_drift,warning,label_positive_rate,"Label drift detected between 2021-06-07 00:00:00 and 2021-08-06 00:00:00: positive rate=0.0093, baseline=0.0256"
2026-06-08 21:47:03,label_drift,warning,label_positive_rate,"Label drift detected between 2021-06-10 00:00:00 and 2021-08-09 00:00:00: positive rate=0.0098, baseline=0.0256"
2026-06-08 21:47:03,label_drift,warning,label_positive_rate,"Label drift detected between 2021-06-11 00:00:00 and 2021-08-10 00:00:00: positive rate=0.0098, baseline=0.0256"
2026-06-08 21:47:03,label_drift,warning,label_positive_rate,"Label drift detected between 2021-06-12 00:00:00 and 2021-08-11 00:00:00: positive rate=0.0098, baseline=0.0256"
2026-06-08 21:47:03,label_drift,warning,label_positive_rate,"Label drift detected between 2021-06-13 00:00:00 and 2021-08-12 00:00:00: positive rate=0.0095, baseline=0.0256"
2026-06-08 21:47:03,label_drift,warning,label_positive_rate,"Label drift detected between 2021-06-14 00:00:00 and 2021-08-13 00:00:00: positive rate=0.0093, baseline=0.0256"
2026-06-08 21:47:03,label_drift,warning,label_positive_rate,"Label drift detected between 2021-06-17 00:00:00 and 2021-08-16 00:00:00: positive rate=0.0098, baseline=0.0256"
2026-06-08 21:47:03,label_drift,warning,label_positive_rate,"Label drift detected between 2021-06-18 00:00:00 and 2021-08-17 00:00:00: positive rate=0.0098, baseline=0.0256"
2026-06-08 21:47:03,label_drift,warning,label_positive_rate,"Label drift detected between 2021-06-19 00:00:00 and 2021-08-18 00:00:00: positive rate=0.0049, baseline=0.0256"
2026-06-08 21:47:03,label_drift,warning,label_positive_rate,"Label drift detected between 2021-06-20 00:00:00 and 2021-08-19 00:00:00: positive rate=0.0048, baseline=0.0256"
2026-06-08 21:47:03,label_drift,warning,label_positive_rate,"Label drift detected between 2021-06-21 00:00:00 and 2021-08-20 00:00:00: positive rate=0.0093, baseline=0.0256"
2026-06-08 21:47:03,label_drift,warning,label_positive_rate,"Label drift detected between 2021-06-24 00:00:00 and 2021-08-23 00:00:00: positive rate=0.0098, baseline=0.0256"
2026-06-08 21:47:03,label_drift,warning,label_positive_rate,"Label drift detected between 2021-08-26 00:00:00 and 2021-10-25 00:00:00: positive rate=0.0047, baseline=0.0256"
2026-06-08 21:47:03,label_drift,warning,label_positive_rate,"Label drift detected between 2021-08-27 00:00:00 and 2021-10-26 00:00:00: positive rate=0.0047, baseline=0.0256"
2026-06-08 21:47:03,label_drift,warning,label_positive_rate,"Label drift detected between 2021-08-28 00:00:00 and 2021-10-27 00:00:00: positive rate=0.0095, baseline=0.0256"
2026-06-08 21:47:03,label_drift,warning,label_positive_rate,"Label drift detected between 2021-08-29 00:00:00 and 2021-10-28 00:00:00: positive rate=0.0093, baseline=0.0256"
2026-06-08 21:47:03,label_drift,warning,label_positive_rate,"Label drift detected between 2021-08-30 00:00:00 and 2021-10-29 00:00:00: positive rate=0.0090, baseline=0.0256"
2026-06-08 21:47:03,label_drift,warning,label_positive_rate,"Label drift detected between 2021-11-04 00:00:00 and 2022-01-03 00:00:00: positive rate=0.0097, baseline=0.0256"
2026-06-08 21:47:03,label_drift,warning,label_positive_rate,"Label drift detected between 2021-11-05 00:00:00 and 2022-01-04 00:00:00: positive rate=0.0097, baseline=0.0256"
2026-06-08 21:47:03,label_drift,warning,label_positive_rate,"Label drift detected between 2021-11-06 00:00:00 and 2022-01-05 00:00:00: positive rate=0.0097, baseline=0.0256"
2026-06-08 21:47:03,label_drift,warning,label_positive_rate,"Label drift detected between 2021-11-07 00:00:00 and 2022-01-06 00:00:00: positive rate=0.0095, baseline=0.0256"
2026-06-08 21:47:03,label_drift,warning,label_positive_rate,"Label drift detected between 2021-11-08 00:00:00 and 2022-01-07 00:00:00: positive rate=0.0093, baseline=0.0256"
2026-06-08 21:47:03,label_drift,warning,label_positive_rate,"Label drift detected between 2021-11-11 00:00:00 and 2022-01-10 00:00:00: positive rate=0.0097, baseline=0.0256"
2026-06-08 21:47:03,label_drift,warning,label_positive_rate,"Label drift detected between 2021-11-12 00:00:00 and 2022-01-11 00:00:00: positive rate=0.0097, baseline=0.0256"
2026-06-08 21:47:03,label_drift,warning,label_positive_rate,"Label drift detected between 2021-11-13 00:00:00 and 2022-01-12 00:00:00: positive rate=0.0098, baseline=0.0256"
2026-06-08 21:47:03,label_drift,warning,label_positive_rate,"Label drift detected between 2022-11-14 00:00:00 and 2023-01-13 00:00:00: positive rate=0.0000, baseline=0.0256"
2026-06-08 21:47:03,label_drift,warning,label_positive_rate,"Label drift detected between 2022-11-17 00:00:00 and 2023-01-16 00:00:00: positive rate=0.0000, baseline=0.0256"
2026-06-08 21:47:03,label_drift,warning,label_positive_rate,"Label drift detected between 2022-11-18 00:00:00 and 2023-01-17 00:00:00: positive rate=0.0000, baseline=0.0256"
2026-06-08 21:47:03,label_drift,warning,label_positive_rate,"Label drift detected between 2022-11-19 00:00:00 and 2023-01-18 00:00:00: positive rate=0.0000, baseline=0.0256"
2026-06-08 21:47:03,label_drift,warning,label_positive_rate,"Label drift detected between 2022-11-20 00:00:00 and 2023-01-19 00:00:00: positive rate=0.0000, baseline=0.0256"
2026-06-08 21:47:03,label_drift,warning,label_positive_rate,"Label drift detected between 2022-11-21 00:00:00 and 2023-01-20 00:00:00: positive rate=0.0000, baseline=0.0256"
2026-06-08 21:47:03,label_drift,warning,label_positive_rate,"Label drift detected between 2022-11-24 00:00:00 and 2023-01-23 00:00:00: positive rate=0.0000, baseline=0.0256"
2026-06-08 21:47:03,label_drift,warning,label_positive_rate,"Label drift detected between 2022-11-25 00:00:00 and 2023-01-24 00:00:00: positive rate=0.0000, baseline=0.0256"
2026-06-08 21:47:03,label_drift,warning,label_positive_rate,"Label drift detected between 2022-11-26 00:00:00 and 2023-01-25 00:00:00: positive rate=0.0000, baseline=0.0256"
2026-06-08 21:47:03,label_drift,warning,label_positive_rate,"Label drift detected between 2022-11-27 00:00:00 and 2023-01-26 00:00:00: positive rate=0.0000, baseline=0.0256"
2026-06-08 21:47:03,label_drift,warning,label_positive_rate,"Label drift detected between 2022-11-28 00:00:00 and 2023-01-27 00:00:00: positive rate=0.0000, baseline=0.0256"
2026-06-08 21:47:03,label_drift,warning,label_positive_rate,"Label drift detected between 2022-12-01 00:00:00 and 2023-01-30 00:00:00: positive rate=0.0000, baseline=0.0256"
2026-06-08 21:47:03,label_drift,warning,label_positive_rate,"Label drift detected between 2022-12-02 00:00:00 and 2023-01-31 00:00:00: positive rate=0.0000, baseline=0.0256"
2026-06-08 21:47:03,label_drift,warning,label_positive_rate,"Label drift detected between 2022-12-03 00:00:00 and 2023-02-01 00:00:00: positive rate=0.0000, baseline=0.0256"
2026-06-08 21:47:03,label_drift,warning,label_positive_rate,"Label drift detected between 2022-12-04 00:00:00 and 2023-02-02 00:00:00: positive rate=0.0000, baseline=0.0256"
2026-06-08 21:47:03,label_drift,warning,label_positive_rate,"Label drift detected between 2022-12-05 00:00:00 and 2023-02-03 00:00:00: positive rate=0.0000, baseline=0.0256"
2026-06-08 21:47:03,label_drift,warning,label_positive_rate,"Label drift detected between 2022-12-08 00:00:00 and 2023-02-06 00:00:00: positive rate=0.0000, baseline=0.0256"
2026-06-08 21:47:03,label_drift,warning,label_positive_rate,"Label drift detected between 2022-12-09 00:00:00 and 2023-02-07 00:00:00: positive rate=0.0000, baseline=0.0256"
2026-06-08 21:47:03,label_drift,warning,label_positive_rate,"Label drift detected between 2022-12-10 00:00:00 and 2023-02-08 00:00:00: positive rate=0.0000, baseline=0.0256"
2026-06-08 21:47:03,label_drift,warning,label_positive_rate,"Label drift detected between 2022-12-11 00:00:00 and 2023-02-09 00:00:00: positive rate=0.0000, baseline=0.0256"
2026-06-08 21:47:03,label_drift,warning,label_positive_rate,"Label drift detected between 2022-12-12 00:00:00 and 2023-02-10 00:00:00: positive rate=0.0000, baseline=0.0256"
2026-06-08 21:47:03,label_drift,warning,label_positive_rate,"Label drift detected between 2022-12-15 00:00:00 and 2023-02-13 00:00:00: positive rate=0.0000, baseline=0.0256"
2026-06-08 21:47:03,label_drift,warning,label_positive_rate,"Label drift detected between 2022-12-16 00:00:00 and 2023-02-14 00:00:00: positive rate=0.0000, baseline=0.0256"
2026-06-08 21:47:03,label_drift,warning,label_positive_rate,"Label drift detected between 2022-12-17 00:00:00 and 2023-02-15 00:00:00: positive rate=0.0000, baseline=0.0256"
2026-06-08 21:47:03,label_drift,warning,label_positive_rate,"Label drift detected between 2022-12-18 00:00:00 and 2023-02-16 00:00:00: positive rate=0.0000, baseline=0.0256"
2026-06-08 21:47:03,label_drift,warning,label_positive_rate,"Label drift detected between 2022-12-19 00:00:00 and 2023-02-17 00:00:00: positive rate=0.0000, baseline=0.0256"
2026-06-08 21:47:03,label_drift,warning,label_positive_rate,"Label drift detected between 2022-12-22 00:00:00 and 2023-02-20 00:00:00: positive rate=0.0000, baseline=0.0256"
2026-06-08 21:47:03,label_drift,warning,label_positive_rate,"Label drift detected between 2022-12-23 00:00:00 and 2023-02-21 00:00:00: positive rate=0.0000, baseline=0.0256"
2026-06-08 21:47:03,label_drift,warning,label_positive_rate,"Label drift detected between 2022-12-24 00:00:00 and 2023-02-22 00:00:00: positive rate=0.0000, baseline=0.0256"
2026-06-08 21:47:03,label_drift,warning,label_positive_rate,"Label drift detected between 2022-12-25 00:00:00 and 2023-02-23 00:00:00: positive rate=0.0000, baseline=0.0256"
2026-06-08 21:47:03,label_drift,warning,label_positive_rate,"Label drift detected between 2022-12-26 00:00:00 and 2023-02-24 00:00:00: positive rate=0.0000, baseline=0.0256"
2026-06-08 21:47:03,label_drift,warning,label_positive_rate,"Label drift detected between 2022-12-29 00:00:00 and 2023-02-27 00:00:00: positive rate=0.0056, baseline=0.0256"
2026-06-08 21:47:03,label_drift,warning,label_positive_rate,"Label drift detected between 2022-12-30 00:00:00 and 2023-02-28 00:00:00: positive rate=0.0055, baseline=0.0256"
2026-06-08 21:47:03,label_drift,warning,label_positive_rate,"Label drift detected between 2022-12-31 00:00:00 and 2023-03-01 00:00:00: positive rate=0.0053, baseline=0.0256"
2026-06-08 21:47:03,label_drift,warning,label_positive_rate,"Label drift detected between 2023-01-01 00:00:00 and 2023-03-02 00:00:00: positive rate=0.0052, baseline=0.0256"
2026-06-08 21:47:03,label_drift,warning,label_positive_rate,"Label drift detected between 2023-01-02 00:00:00 and 2023-03-03 00:00:00: positive rate=0.0051, baseline=0.0256"
2026-06-08 21:47:03,label_drift,warning,label_positive_rate,"Label drift detected between 2023-01-05 00:00:00 and 2023-03-06 00:00:00: positive rate=0.0050, baseline=0.0256"
2026-06-08 21:47:03,label_drift,warning,label_positive_rate,"Label drift detected between 2023-01-06 00:00:00 and 2023-03-07 00:00:00: positive rate=0.0049, baseline=0.0256"
2026-06-08 21:47:03,label_drift,warning,label_positive_rate,"Label drift detected between 2023-01-07 00:00:00 and 2023-03-08 00:00:00: positive rate=0.0049, baseline=0.0256"
2026-06-08 21:47:03,label_drift,warning,label_positive_rate,"Label drift detected between 2023-01-08 00:00:00 and 2023-03-09 00:00:00: positive rate=0.0048, baseline=0.0256"
2026-06-08 21:47:03,label_drift,warning,label_positive_rate,"Label drift detected between 2023-01-09 00:00:00 and 2023-03-10 00:00:00: positive rate=0.0047, baseline=0.0256"
2026-06-08 21:47:03,label_drift,warning,label_positive_rate,"Label drift detected between 2023-01-12 00:00:00 and 2023-03-13 00:00:00: positive rate=0.0097, baseline=0.0256"
2026-06-08 21:47:03,label_drift,warning,label_positive_rate,"Label drift detected between 2023-01-13 00:00:00 and 2023-03-14 00:00:00: positive rate=0.0097, baseline=0.0256"
2026-06-08 21:47:03,label_drift,warning,label_positive_rate,"Label drift detected between 2023-02-25 00:00:00 and 2023-04-26 00:00:00: positive rate=0.0392, baseline=0.0256"
2026-06-08 21:47:03,label_drift,warning,label_positive_rate,"Label drift detected between 2023-03-09 00:00:00 and 2023-05-08 00:00:00: positive rate=0.0392, baseline=0.0256"
2026-06-08 21:47:03,label_drift,warning,label_positive_rate,"Label drift detected between 2023-03-10 00:00:00 and 2023-05-09 00:00:00: positive rate=0.0392, baseline=0.0256"
2026-06-08 21:47:03,label_drift,warning,label_positive_rate,"Label drift detected between 2023-03-11 00:00:00 and 2023-05-10 00:00:00: positive rate=0.0392, baseline=0.0256"
2026-06-08 21:47:03,label_drift,warning,label_positive_rate,"Label drift detected between 2023-05-19 00:00:00 and 2023-07-18 00:00:00: positive rate=0.0396, baseline=0.0256"
2026-06-08 21:47:03,label_drift,warning,label_positive_rate,"Label drift detected between 2023-05-20 00:00:00 and 2023-07-19 00:00:00: positive rate=0.0396, baseline=0.0256"
2026-06-08 21:47:03,label_drift,warning,label_positive_rate,"Label drift detected between 2023-05-21 00:00:00 and 2023-07-20 00:00:00: positive rate=0.0386, baseline=0.0256"
2026-06-08 21:47:03,label_drift,warning,label_positive_rate,"Label drift detected between 2023-05-25 00:00:00 and 2023-07-24 00:00:00: positive rate=0.0396, baseline=0.0256"
2026-06-08 21:47:03,label_drift,warning,label_positive_rate,"Label drift detected between 2023-08-24 00:00:00 and 2023-10-23 00:00:00: positive rate=0.0048, baseline=0.0256"
2026-06-08 21:47:03,label_drift,warning,label_positive_rate,"Label drift detected between 2023-08-25 00:00:00 and 2023-10-24 00:00:00: positive rate=0.0000, baseline=0.0256"
2026-06-08 21:47:03,label_drift,warning,label_positive_rate,"Label drift detected between 2023-08-26 00:00:00 and 2023-10-25 00:00:00: positive rate=0.0000, baseline=0.0256"
2026-06-08 21:47:03,label_drift,warning,label_positive_rate,"Label drift detected between 2023-08-27 00:00:00 and 2023-10-26 00:00:00: positive rate=0.0000, baseline=0.0256"
2026-06-08 21:47:03,label_drift,warning,label_positive_rate,"Label drift detected between 2023-08-28 00:00:00 and 2023-10-27 00:00:00: positive rate=0.0000, baseline=0.0256"
2026-06-08 21:47:03,label_drift,warning,label_positive_rate,"Label drift detected between 2023-08-31 00:00:00 and 2023-10-30 00:00:00: positive rate=0.0000, baseline=0.0256"
2026-06-08 21:47:03,label_drift,warning,label_positive_rate,"Label drift detected between 2023-09-01 00:00:00 and 2023-10-31 00:00:00: positive rate=0.0000, baseline=0.0256"
2026-06-08 21:47:03,label_drift,warning,label_positive_rate,"Label drift detected between 2023-09-02 00:00:00 and 2023-11-01 00:00:00: positive rate=0.0000, baseline=0.0256"
2026-06-08 21:47:03,label_drift,warning,label_positive_rate,"Label drift detected between 2023-09-03 00:00:00 and 2023-11-02 00:00:00: positive rate=0.0000, baseline=0.0256"
2026-06-08 21:47:03,label_drift,warning,label_positive_rate,"Label drift detected between 2023-09-04 00:00:00 and 2023-11-03 00:00:00: positive rate=0.0000, baseline=0.0256"
2026-06-08 21:47:03,label_drift,warning,label_positive_rate,"Label drift detected between 2023-09-07 00:00:00 and 2023-11-06 00:00:00: positive rate=0.0000, baseline=0.0256"
2026-06-08 21:47:03,label_drift,warning,label_positive_rate,"Label drift detected between 2023-09-08 00:00:00 and 2023-11-07 00:00:00: positive rate=0.0000, baseline=0.0256"
2026-06-08 21:47:03,label_drift,warning,label_positive_rate,"Label drift detected between 2023-09-09 00:00:00 and 2023-11-08 00:00:00: positive rate=0.0000, baseline=0.0256"
2026-06-08 21:47:03,label_drift,warning,label_positive_rate,"Label drift detected between 2023-09-10 00:00:00 and 2023-11-09 00:00:00: positive rate=0.0000, baseline=0.0256"
2026-06-08 21:47:03,label_drift,warning,label_positive_rate,"Label drift detected between 2023-09-11 00:00:00 and 2023-11-10 00:00:00: positive rate=0.0000, baseline=0.0256"
2026-06-08 21:47:03,label_drift,warning,label_positive_rate,"Label drift detected between 2023-09-14 00:00:00 and 2023-11-13 00:00:00: positive rate=0.0000, baseline=0.0256"
2026-06-08 21:47:03,label_drift,warning,label_positive_rate,"Label drift detected between 2023-09-15 00:00:00 and 2023-11-14 00:00:00: positive rate=0.0000, baseline=0.0256"
2026-06-08 21:47:03,label_drift,warning,label_positive_rate,"Label drift detected between 2023-09-16 00:00:00 and 2023-11-15 00:00:00: positive rate=0.0000, baseline=0.0256"
2026-06-08 21:47:03,label_drift,warning,label_positive_rate,"Label drift detected between 2023-09-17 00:00:00 and 2023-11-16 00:00:00: positive rate=0.0000, baseline=0.0256"
2026-06-08 21:47:03,label_drift,warning,label_positive_rate,"Label drift detected between 2023-09-18 00:00:00 and 2023-11-17 00:00:00: positive rate=0.0000, baseline=0.0256"
2026-06-08 21:47:03,label_drift,warning,label_positive_rate,"Label drift detected between 2023-09-21 00:00:00 and 2023-11-20 00:00:00: positive rate=0.0000, baseline=0.0256"
2026-06-08 21:47:03,label_drift,warning,label_positive_rate,"Label drift detected between 2023-09-22 00:00:00 and 2023-11-21 00:00:00: positive rate=0.0000, baseline=0.0256"
2026-06-08 21:47:03,label_drift,warning,label_positive_rate,"Label drift detected between 2023-09-23 00:00:00 and 2023-11-22 00:00:00: positive rate=0.0000, baseline=0.0256"
2026-06-08 21:47:03,label_drift,warning,label_positive_rate,"Label drift detected between 2023-09-24 00:00:00 and 2023-11-23 00:00:00: positive rate=0.0000, baseline=0.0256"
2026-06-08 21:47:03,label_drift,warning,label_positive_rate,"Label drift detected between 2023-09-25 00:00:00 and 2023-11-24 00:00:00: positive rate=0.0000, baseline=0.0256"
2026-06-08 21:47:03,label_drift,warning,label_positive_rate,"Label drift detected between 2023-09-28 00:00:00 and 2023-11-27 00:00:00: positive rate=0.0000, baseline=0.0256"
2026-06-08 21:47:03,label_drift,warning,label_positive_rate,"Label drift detected between 2023-09-29 00:00:00 and 2023-11-28 00:00:00: positive rate=0.0048, baseline=0.0256"
2026-06-08 21:47:03,label_drift,warning,label_positive_rate,"Label drift detected between 2023-09-30 00:00:00 and 2023-11-29 00:00:00: positive rate=0.0096, baseline=0.0256"
2026-06-08 21:47:03,label_drift,warning,label_positive_rate,"Label drift detected between 2023-10-01 00:00:00 and 2023-11-30 00:00:00: positive rate=0.0093, baseline=0.0256"
2026-06-08 21:47:03,label_drift,warning,label_positive_rate,"Label drift detected between 2023-10-02 00:00:00 and 2023-12-01 00:00:00: positive rate=0.0091, baseline=0.0256"
2026-06-08 21:47:03,label_drift,warning,label_positive_rate,"Label drift detected between 2023-10-05 00:00:00 and 2023-12-04 00:00:00: positive rate=0.0095, baseline=0.0256"
2026-06-08 21:47:03,label_drift,warning,label_positive_rate,"Label drift detected between 2023-10-06 00:00:00 and 2023-12-05 00:00:00: positive rate=0.0095, baseline=0.0256"
2026-06-08 21:47:03,label_drift,warning,label_positive_rate,"Label drift detected between 2023-10-07 00:00:00 and 2023-12-06 00:00:00: positive rate=0.0095, baseline=0.0256"
2026-06-08 21:47:03,label_drift,warning,label_positive_rate,"Label drift detected between 2023-10-08 00:00:00 and 2023-12-07 00:00:00: positive rate=0.0093, baseline=0.0256"
2026-06-08 21:47:03,label_drift,warning,label_positive_rate,"Label drift detected between 2023-10-09 00:00:00 and 2023-12-08 00:00:00: positive rate=0.0091, baseline=0.0256"
2026-06-08 21:47:03,label_drift,warning,label_positive_rate,"Label drift detected between 2023-10-12 00:00:00 and 2023-12-11 00:00:00: positive rate=0.0095, baseline=0.0256"
2026-06-08 21:47:03,label_drift,warning,label_positive_rate,"Label drift detected between 2023-10-13 00:00:00 and 2023-12-12 00:00:00: positive rate=0.0095, baseline=0.0256"
2026-06-08 21:47:03,label_drift,warning,label_positive_rate,"Label drift detected between 2023-10-14 00:00:00 and 2023-12-13 00:00:00: positive rate=0.0095, baseline=0.0256"
2026-06-08 21:47:03,label_drift,warning,label_positive_rate,"Label drift detected between 2023-10-15 00:00:00 and 2023-12-14 00:00:00: positive rate=0.0093, baseline=0.0256"
2026-06-08 21:47:03,label_drift,warning,label_positive_rate,"Label drift detected between 2023-10-16 00:00:00 and 2023-12-15 00:00:00: positive rate=0.0091, baseline=0.0256"
2026-06-08 21:47:03,label_drift,warning,label_positive_rate,"Label drift detected between 2023-10-19 00:00:00 and 2023-12-18 00:00:00: positive rate=0.0095, baseline=0.0256"
2026-06-08 21:47:03,label_drift,warning,label_positive_rate,"Label drift detected between 2023-10-20 00:00:00 and 2023-12-19 00:00:00: positive rate=0.0095, baseline=0.0256"
2026-06-08 21:47:03,label_drift,warning,label_positive_rate,"Label drift detected between 2023-10-21 00:00:00 and 2023-12-20 00:00:00: positive rate=0.0095, baseline=0.0256"
2026-06-08 21:47:03,label_drift,warning,label_positive_rate,"Label drift detected between 2023-10-22 00:00:00 and 2023-12-21 00:00:00: positive rate=0.0093, baseline=0.0256"
2026-06-08 21:47:03,label_drift,warning,label_positive_rate,"Label drift detected between 2023-10-23 00:00:00 and 2023-12-22 00:00:00: positive rate=0.0091, baseline=0.0256"
2026-06-08 21:47:03,label_drift,warning,label_positive_rate,"Label drift detected between 2023-10-27 00:00:00 and 2023-12-26 00:00:00: positive rate=0.0098, baseline=0.0256"
2026-06-08 21:47:03,label_drift,warning,label_positive_rate,"Label drift detected between 2023-10-28 00:00:00 and 2023-12-27 00:00:00: positive rate=0.0098, baseline=0.0256"
2026-06-08 21:47:03,label_drift,warning,label_positive_rate,"Label drift detected between 2023-10-29 00:00:00 and 2023-12-28 00:00:00: positive rate=0.0096, baseline=0.0256"
2026-06-08 21:47:03,label_drift,warning,label_positive_rate,"Label drift detected between 2023-10-30 00:00:00 and 2023-12-29 00:00:00: positive rate=0.0093, baseline=0.0256"
2026-06-08 21:47:17,threshold_recalibration,action,logistic_regression_calibrated_sigmoid,"Threshold recalibrated for logistic_regression_calibrated_sigmoid: old=0.202880, new=0.116736, old_cost=30063000, new_cost=140000"
2026-06-08 21:47:17,threshold_recalibration,action,random_forest_calibrated_sigmoid,"Threshold recalibrated for random_forest_calibrated_sigmoid: old=0.040396, new=0.030177, old_cost=15070000, new_cost=77000"
2026-06-08 21:47:17,threshold_recalibration,action,xgboost_calibrated_isotonic,"Threshold recalibrated for xgboost_calibrated_isotonic: old=0.135786, new=0.000000, old_cost=15021000, new_cost=8428000"
